X,Y,OBJECTID_1,year,month,day,hour,minute,second,lat,lon,depth,magnitude,OBJECTID
-13135701.2665,4028802.6722,1,1769,7,28,99,99,99.99,34,-118,99,6,1
-13580979.3346,4467021.6748,2,1781,10,9,99,99,99.99,37.2,-122,99,5.5,2
-13533111.9423,4421002.5997,3,1800,10,11,99,99,99.99,36.87,-121.57,99,5.5,3
-13113437.3551,3882038.7686,4,1800,11,22,21,30,9900,32.9,-117.8,99,6.3,4
-13146833.2193,4055689.5089,5,1803,4,99,99,99,99.99,34.2,-118.1,99,5.5,5
-13035513.6974,3868787.9235,6,1803,5,25,99,99,99.99,32.8,-117.1,99,5.5,6
-13324944.4357,4082640.1919,7,1806,3,25,8,99,99.99,34.4,-119.7,99,5.5,7
-13647771.0467,4551211.6074,8,1808,6,21,99,99,99.99,37.8,-122.6,99,5.5,8
-13096739.4414,4078593.5079,9,1812,12,8,15,99,99.99,34.37,-117.65,99,7.5,9
-13336076.3846,4055689.4957,10,1812,12,21,19,99,99.99,34.2,-119.8,99,7.1,10
-13341642.3633,4102895.5005,11,1821,1,1,99,99,99.99,34.55,-119.85,99,6.3,11
-13614375.1857,4453055.355,12,1825,9,0,99,99,99.99,37.1,-122.3,99,5.5,12
-13636639.0953,4544169.8343,13,1827,4,3,99,99,99.99,37.75,-122.5,99,5.5,13
-13247020.7756,4028802.6647,14,1827,9,24,4,99,99.99,34,-119,99,6,14
-13430697.9781,4211547.7113,15,1830,99,99,99,99,99.99,35.35,-120.65,99,6,15
-13525319.5771,4425177.9075,16,1836,6,10,15,30,99.99,36.9,-121.5,99,6.4,16
-13597677.262,4481006.5047,17,1838,6,99,99,99,99.99,37.3,-122.15,99,7.4,17
-13525319.5765,4418219.9731,18,1840,1,18,99,99,99.99,36.85,-121.5,99,6.5,18
-13525319.5762,4414742.7125,19,1841,7,3,22,7,99.99,36.825,-121.5,99,6,19
-13519753.6006,4411266.5883,20,1841,7,29,8,15,99.99,36.8,-121.45,99,5.8,20
-13302680.5946,4793548.2182,21,1852,1,1,99,99,99.99,39.5,-119.5,0,7.3,21
-12801742.7231,3829124.4694,22,1852,11,29,20,0,99.99,32.5,-115,0,6.5,22
-13480791.7604,4259420.6235,23,1853,2,1,99,99,99.99,35.7,-121.1,0,5.5,23
-13447395.914,4335076.4098,24,1853,9,2,99,99,99.99,36.25,-120.8,0,6.3,24
-13825882.3019,4982887.0482,25,1853,10,23,11,0,99.99,40.8,-124.2,0,5.5,25
-13324944.4361,4089387.9179,26,1854,5,31,12,50,99.99,34.45,-119.7,0,6,26
-13436263.9621,4321281.4897,27,1855,1,14,2,30,99.99,36.15,-120.7,0,5.5,27
-13391736.2018,4793548.2091,28,1855,1,25,6,0,99.99,39.5,-120.3,0,6,28
-13146833.2183,4042238.1473,29,1855,7,11,4,15,99.99,34.1,-118.1,0,6,29
-13636639.0998,4593562.8015,30,1855,8,27,11,0,99.99,38.1,-122.5,0,5.5,30
-13636639.0896,4481006.5012,31,1856,1,2,18,15,99.99,37.3,-122.5,0,5.7,31
-13614375.1906,4509032.0776,32,1856,2,15,13,25,99.99,37.5,-122.3,0,5.9,32
-12990985.8959,3908585.4604,33,1856,9,21,7,30,99.99,33.1,-116.7,0,5.5,33
-13447395.9134,4328176.7466,34,1857,1,9,16,24,99.99,36.2,-120.8,0,7.9,34
-13430697.9861,4314390.6268,35,1857,1,9,99,99,99.99,36.1,-120.65,0,6.1,35
-13452961.8898,4340599.319,36,1857,1,9,99,99,99.99,36.29,-120.85,0,5.6,36
-13214738.1252,4131314.4023,37,1857,1,10,6,40,99.99,34.76,-118.71,0,5.6,37
-13140154.0516,4098841.5379,38,1857,1,16,99,99,99.99,34.52,-118.04,0,6.3,38
-13358340.3463,4764736.3048,39,1857,9,3,3,5,99.99,39.3,-120,0,6.3,39
-13558715.4368,4509032.0826,40,1858,11,26,8,35,99.99,37.5,-121.8,0,6.2,40
-13068909.5624,4055689.5143,41,1858,12,16,10,0,99.99,34.2,-117.4,0,6,41
-13302680.5946,4793548.2182,42,1860,3,15,19,0,99.99,39.5,-119.5,0,6.5,42
-13464093.8414,4348888.9944,43,1860,4,17,3,30,99.99,36.35,-120.95,0,6,43
-13825882.3019,4982887.0482,44,1860,11,13,99,99,99.99,40.8,-124.2,0,5.5,44
-13575413.3662,4544169.8399,45,1861,7,4,0,11,99.99,37.75,-121.95,0,5.8,45
-13041079.671,3835725.8074,46,1862,5,27,20,0,99.99,32.55,-117.15,0,6.2,46
-13035513.6943,3815932.749,47,1863,6,25,99,99,99.99,32.4,-117.1,0,5.8,47
-13536451.5316,4467021.6787,48,1864,2,26,13,47,99.99,37.2,-121.6,0,6.1,48
-13565394.6079,4516050.1912,49,1864,3,5,16,49,99.99,37.55,-121.86,0,6,49
-13569847.3889,4523073.0097,50,1864,5,21,2,1,99.99,37.6,-121.9,0,5.8,50
-13558715.4319,4453055.3599,51,1865,5,24,11,21,99.99,37.1,-121.8,0,5.9,51
-13825882.3019,4982887.0482,52,1865,10,1,17,15,99.99,40.8,-124.2,0,5.5,52
-13569847.3838,4467021.6758,53,1865,10,8,20,46,99.99,37.2,-121.9,0,6.5,53
-13547583.48,4439107.4672,54,1866,3,26,20,12,99.99,37,-121.7,0,5.8,54
-13525319.587,4537132.8269,55,1866,7,15,6,30,99.99,37.7,-121.5,0,6,55
-13324944.4935,4764736.3082,56,1868,5,30,5,10,99.99,39.3,-119.7,0,6,56
-13324944.4838,4664536.6295,57,1868,9,17,16,55,99.99,38.6,-119.7,0,5.6,57
-13592111.2917,4537132.8207,58,1868,10,21,15,53,99.99,37.7,-122.1,0,7,58
-13703430.818,4736006.5631,59,1869,10,8,9,30,99.99,39.1,-123.1,0,5.6,59
-13324944.495,4779131.9357,60,1869,12,27,1,55,99.99,39.4,-119.7,0,6.4,60
-13358340.3492,4793548.2124,61,1869,12,27,5,50,99.99,39.5,-120,0,5.5,61
-13336076.4416,4736006.6001,62,1869,12,27,10,0,99.99,39.1,-119.8,0,6.2,62
-13580979.3333,4453055.3579,63,1870,2,17,20,12,99.99,37.1,-122,0,5.9,63
-13614375.1957,4565309.4752,64,1870,4,2,19,48,99.99,37.9,-122.3,0,5.8,64
-13825882.2953,4924241.3106,65,1871,3,2,21,5,99.99,40.4,-124.2,0,6.3,65
-13135701.2907,4355801.9664,66,1871,7,5,21,6,99.99,36.4,-118,0,5.5,66
-13146833.2451,4397373.4519,67,1872,3,26,10,30,99.99,36.7,-118.1,0,7.6,67
-13157965.1984,4425177.9391,68,1872,3,26,14,6,99.99,36.9,-118.2,0,6.8,68
-13157965.1995,4439107.5009,69,1872,4,3,12,15,99.99,37,-118.2,0,6.3,69
-13191361.0584,4509032.1155,70,1872,4,11,19,0,99.99,37.5,-118.5,0,6.8,70
-12801742.727,3895304.6077,71,1872,5,3,1,0,99.99,33,-115,0,5.8,71
-13135701.3377,4865943.068,72,1873,11,5,17,0,99.99,40,-118,0,5.5,72
-13825882.3227,5160980.201,73,1873,11,23,5,0,99.99,42,-124.2,0,6.9,73
-13414000.114,4895049.2045,74,1875,1,24,12,0,99.99,40.2,-120.5,0,6.2,74
-13803618.3988,4968192.6623,75,1875,9,30,12,30,99.99,40.7,-124,0,5.9,75
-12857402.4785,3829124.466,76,1875,11,15,22,30,99.99,32.5,-115.5,0,6.2,76
-13391736.1539,4259420.6306,77,1877,5,30,10,30,99.99,35.7,-120.3,0,5.5,77
-13358340.342,4721672.3144,78,1877,7,10,7,10,99.99,39,-120,0,5.5,78
-13937201.8016,4924241.2983,79,1878,5,9,4,25,99.99,40.4,-125.2,0,7,79
-13180229.0767,4123187.3685,80,1880,4,12,4,30,99.99,34.7,-118.4,0,5.9,80
-13024381.7566,4028802.6798,81,1880,11,22,4,0,99.99,34,-117,0,5.5,81
-13024381.7566,4028802.6798,82,1880,12,19,23,35,99.99,34,-117,0,5.9,82
-13580979.3733,4865943.021,83,1881,1,7,2,25,99.99,40,-122,0,5.6,83
-13419566.0347,4307504.1481,84,1881,2,2,0,11,99.99,36.05,-120.55,0,6,84
-13642205.0502,4307504.13,85,1881,2,2,5,0,99.99,36.05,-122.55,0,5.5,85
-13503055.6804,4481006.5132,86,1881,4,10,10,0,99.99,37.3,-121.3,0,6.3,86
-13419566.0347,4307504.1481,87,1881,5,6,13,45,99.99,36.05,-120.55,0,5.5,87
-13480791.7692,4369641.1855,88,1882,3,6,21,45,99.99,36.5,-121.1,0,5.9,88
-13569847.3826,4453055.3588,89,1882,6,27,13,22,99.99,37.1,-121.9,0,5.8,89
-13525319.5759,4411266.5878,90,1883,3,30,15,45,99.99,36.8,-121.5,0,6,90
-13280416.637,4150300.4896,91,1883,9,5,12,30,99.99,34.9,-119.3,0,5.8,91
-13759090.6028,5027103.5948,92,1884,1,28,7,30,99.99,41.1,-123.6,0,6.1,92
-13608809.2091,4439107.4618,93,1884,3,26,0,40,99.99,37,-122.25,0,5.9,93
-13425132.0681,4924241.3545,94,1885,1,31,5,45,99.99,40.4,-120.6,0,6.1,94
-13491923.7224,4397373.4228,95,1885,3,31,7,56,99.99,36.7,-121.2,0,5.7,95
-13480791.7704,4383498.318,96,1885,4,2,15,25,99.99,36.6,-121.1,0,5.9,96
-13302680.5396,4163881.8005,97,1885,4,7,10,30,99.99,35,-119.5,0,5.5,97
-13447395.9134,4328176.7466,98,1885,4,12,4,5,99.99,36.2,-120.8,0,6.5,98
-13124569.3069,3895304.5878,99,1885,9,13,12,34,99.99,33,-117.9,0,5.8,99
-13336076.443,4750361.2297,100,1887,6,3,10,48,99.99,39.2,-119.8,0,6.5,100
-13759090.5729,4750361.1869,101,1888,2,18,10,50,99.99,39.2,-123.6,0,5.5,101
-13436264.0081,4822443.1374,102,1888,4,29,4,48,99.99,39.7,-120.7,0,6.2,102
-12990985.9045,4042238.1579,103,1889,2,7,5,20,99.99,34.1,-116.7,0,5.6,103
-13514187.6269,4432140.4034,104,1889,4,15,3,28,99.99,36.95,-121.4,0,5.5,104
-13558715.4446,4593562.8088,105,1889,5,19,11,10,99.99,38.1,-121.8,0,6,105
-13436264.0204,4938869.9443,106,1889,6,20,6,0,99.99,40.5,-120.7,0,6.2,106
-13603243.2436,4551211.6115,107,1889,7,31,12,47,99.99,37.8,-122.2,0,5.6,107
-13124569.3172,4055689.5104,108,1889,8,28,2,15,99.99,34.2,-117.9,0,5.6,108
-13213624.9567,4467021.7071,109,1889,9,30,5,20,99.99,37.2,-118.7,0,6,109
-12946458.0943,3948519.0719,110,1890,2,9,12,6,99.99,33.4,-116.3,0,6.8,110
-13536451.5279,4425177.9066,111,1890,4,24,11,36,99.99,36.9,-121.6,0,6.3,111
-13825882.2969,4938869.9013,112,1890,7,26,9,40,99.99,40.5,-124.2,0,6.3,112
-13558715.4344,4481006.5081,113,1891,1,2,20,0,99.99,37.3,-121.8,0,5.8,113
-12801742.7194,3763311.2475,114,1891,7,30,14,10,99.99,32,-115,0,6,114
-13625507.1518,4621893.5672,115,1891,10,12,6,28,99.99,38.3,-122.4,0,5.8,115
-12874100.4054,3835725.8174,116,1892,2,24,7,20,99.99,32.55,-115.65,0,7.3,116
-13580979.3501,4636088.2337,117,1892,4,19,10,50,99.99,38.4,-122,0,6.6,117
-13569847.4008,4650302.5466,118,1892,4,21,17,43,99.99,38.5,-121.9,0,6.4,118
-13558715.4486,4636088.2359,119,1892,4,30,0,9,99.99,38.4,-121.8,0,5.6,119
-12935326.1415,3921881.4475,120,1892,5,28,11,15,99.99,33.2,-116.2,0,6.5,120
-13080041.5134,4055689.5135,121,1892,6,14,13,25,99.99,34.2,-117.5,0,5.5,121
-13514187.6246,4404317.7414,122,1892,11,13,12,45,99.99,36.75,-121.4,0,5.9,122
-13202492.9748,4069156.831,123,1893,4,4,19,40,99.99,34.3,-118.6,0,5.8,123
-13291548.5801,4042238.1374,124,1893,5,19,0,35,99.99,34.1,-119.4,0,5.8,124
-13658903.0053,4636088.2262,125,1893,8,9,9,15,99.99,38.4,-122.7,0,5.6,125
-13091173.4653,4069156.8389,126,1894,7,30,5,12,99.99,34.3,-117.6,0,6.2,126
-13859278.1457,4909634.4294,127,1894,9,30,17,36,99.99,40.3,-124.5,0,6.5,127
-13002117.8445,3868787.9255,128,1894,10,23,23,3,99.99,32.8,-116.8,0,6.1,128
-13302680.5904,4750361.2331,129,1894,11,18,10,49,99.99,39.2,-119.5,0,5.5,129
-13169097.147,4397373.4501,130,1896,8,17,11,30,99.99,36.7,-118.3,0,6.3,130
-13525319.5783,4439107.469,131,1897,6,20,20,14,99.99,37,-121.5,0,6.3,131
-13636639.1012,4607718.4562,132,1898,3,31,7,43,99.99,38.2,-122.5,0,6.4,132
-13781354.4743,4750361.1847,133,1898,4,15,7,7,99.99,39.2,-123.8,0,6.7,133
-14003993.515,5012342.3792,134,1899,4,16,13,40,99.99,41,-125.8,0,7,134
-13536451.5274,4418219.9722,135,1899,4,30,22,41,99.99,36.85,-121.6,0,6,135
-13636639.0947,4537132.8166,136,1899,6,2,7,19,99.99,37.7,-122.5,0,5.6,136
-13514187.6263,4425177.9085,137,1899,7,6,20,10,99.99,36.9,-121.4,0,5.8,137
-13068909.5624,4055689.5143,138,1899,7,22,0,46,99.99,34.2,-117.4,0,5.9,138
-13080041.5143,4069156.8396,139,1899,7,22,20,32,99.99,34.3,-117.5,0,6.4,139
-13024381.7548,4001979.0726,140,1899,12,25,12,25,99.99,33.8,-117,0,6.7,140
-13414000.0588,4300622.0417,141,1901,3,3,7,45,99.99,36,-120.5,0,6.4,141
-13580979.3488,4621893.5716,142,1902,5,19,18,31,99.99,38.3,-122,0,5.5,142
-13402868.0953,4136735.6941,143,1902,7,28,6,57,99.99,34.8,-120.4,0,5.8,143
-13391736.1435,4123187.3531,144,1902,7,31,9,20,99.99,34.7,-120.3,0,5.8,144
-13536451.5187,4314390.6182,145,1903,3,25,7,45,99.99,36.1,-121.6,0,5.9,145
-13558715.4331,4467021.6768,146,1903,6,11,13,12,99.99,37.2,-121.8,0,6.1,146
-13558715.4344,4481006.5081,147,1903,8,3,6,49,99.99,37.3,-121.8,0,6.2,147
-13213624.9376,4232039.1367,148,1905,1,6,14,30,99.99,35.5,-118.7,0,5,148
-13425132.0151,4369641.1902,149,1905,5,26,2,50,99.99,36.5,-120.6,0,6.1,149
-13224756.8864,4204725.7199,150,1905,12,23,22,23,99.99,35.3,-118.8,0,5.8,150
-13636639.0947,4537132.8166,151,1906,4,18,13,12,21,37.7,-122.5,0,7.8,151
-12857402.4817,3882038.7842,152,1906,4,19,0,30,99.99,32.9,-115.5,0,6.2,152
-13859278.1572,5012342.3959,153,1906,4,23,9,10,99.99,41,-124.5,0,6.4,153
-13491923.7091,4232039.1153,154,1906,12,7,6,40,99.99,35.5,-121.2,0,5.7,154
-13970597.655,4938869.8852,155,1907,8,11,12,19,99.99,40.5,-125.5,0,6.4,155
-13035513.7095,4055689.5165,156,1907,9,20,1,54,99.99,34.2,-117.1,0,5.8,156
-13380604.202,4245721.3241,157,1908,4,27,10,50,99.99,35.6,-120.2,0,5.5,157
-13803618.4005,4982887.0508,158,1908,8,18,10,59,99.99,40.8,-124,0,5.8,158
-13024381.7764,4300622.0728,159,1908,11,4,8,37,99.99,36,-117,0,6,159
-13458527.9055,4779131.9221,160,1909,3,3,12,0,99.99,39.4,-120.9,0,5,160
-13469659.8576,4793548.2011,161,1909,6,23,7,24,99.99,39.5,-121,0,5.9,161
-13825882.2969,4938869.9013,162,1909,10,29,6,45,99.99,40.5,-124.2,0,6,162
-13547583.4793,4432140.4005,163,1910,3,11,6,52,99.99,36.95,-121.7,0,5.8,163
-13914937.894,4865942.9851,164,1910,3,19,0,11,99.99,40,-125,0,6,164
-12968721.9971,3961860.8632,165,1910,4,11,7,57,99.99,33.5,-116.5,0,5.8,165
-13182455.4956,4485205.6149,166,1910,5,6,16,40,99.99,37.33,-118.42,0,6,166
-13068909.5579,3988590.7828,167,1910,5,13,6,20,99.99,33.7,-117.4,0,5,167
-13068909.5579,3988590.7828,168,1910,5,15,15,47,99.99,33.7,-117.4,0,6,168
-13024381.7936,4509032.1303,169,1910,11,7,17,20,99.99,37.5,-117,0,5.5,169
-13135701.3099,4579426.5522,170,1910,11,19,2,25,99.99,38,-118,0,5.5,170
-13135701.3099,4579426.5522,171,1910,11,21,23,23,99.99,38,-118,0,6.1,171
-13135701.3099,4579426.5522,172,1910,11,22,6,5,99.99,38,-118,0,5.5,172
-13592111.2805,4411266.582,173,1910,12,31,12,11,99.99,36.8,-122.1,0,5.7,173
-13553149.4584,4474011.7729,174,1911,7,1,22,0,99.99,37.25,-121.75,0,6.4,174
-13182455.4956,4485205.6149,175,1912,1,5,3,52,99.99,37.33,-118.42,0,5.5,175
-13336076.4474,4793548.2148,176,1914,2,18,18,17,99.99,39.5,-119.8,0,5.6,176
-13336076.4474,4793548.2148,177,1914,4,24,8,34,99.99,39.5,-119.8,0,6,177
-13358340.3492,4793548.2124,178,1914,4,27,5,53,99.99,39.5,-120,0,5,178
-13580979.3343,4462829.8398,179,1914,11,9,2,31,99.99,37.17,-122,0,5.5,179
-13380604.1918,4109655.3757,180,1915,1,12,4,31,99.99,34.6,-120.2,0,5.7,180
-13302680.5817,4661688.2353,181,1915,4,5,23,11,99.99,38.58,-119.5,0,5,181
-13226983.2849,4311635.526,182,1915,5,29,6,46,99.99,36.08,-118.82,0,5,182
-12857402.4809,3868787.9343,183,1915,6,23,3,59,99.99,32.8,-115.5,0,6,183
-12857402.4809,3868787.9343,184,1915,6,23,4,56,99.99,32.8,-115.5,0,5.9,184
-12801742.7194,3763311.2475,185,1915,11,21,0,13,42,32,-115,0,6.6,185
-14026257.4161,5012342.3766,186,1915,12,31,12,20,99.99,41,-126,0,6.5,186
-13497489.6975,4393208.9981,187,1916,8,6,19,38,99.99,36.67,-121.25,0,5.8,187
-12924194.1905,3921881.4482,188,1916,9,30,2,11,99.99,33.2,-116.1,0,5.7,188
-13247020.7838,4143516.0383,189,1916,10,23,2,44,99.99,34.85,-119,0,5.5,189
-12990985.9159,4204725.7376,190,1916,11,10,9,11,99.99,35.3,-116.7,0,5.9,190
-13135701.3377,4865943.068,191,1917,4,11,19,0,99.99,40,-118,0,5.1,191
-12835138.5787,3868787.9356,192,1917,5,28,6,6,99.99,32.8,-115.3,0,5.5,192
-13024381.7543,3995282.9775,193,1918,4,21,22,32,25,33.75,-117,0,6.8,193
-12846270.5282,3842330.8494,194,1918,5,1,4,32,99.99,32.6,-115.4,0,5.6,194
-12990985.9001,3975218.0759,195,1918,6,6,22,32,99.99,33.6,-116.7,0,5.5,195
-13914937.9103,5012342.3894,196,1918,7,15,0,23,99.99,41,-125,0,6.5,196
-13269284.6861,4150300.4905,197,1919,2,16,15,57,99.99,34.9,-119.2,0,5.7,197
-12801742.7239,3842330.8519,198,1919,10,1,19,30,99.99,32.6,-115,0,5.9,198
-13302680.5779,4621893.5979,199,1919,12,19,13,59,99.99,38.3,-119.5,0,5.2,199
-12990985.8967,3921881.4439,200,1920,1,1,2,35,0,33.2,-116.7,0,5,200
-12857402.4778,3815932.7594,201,1921,9,8,19,24,0,32.4,-115.5,0,5.5,201
-14026257.4161,5012342.3766,202,1922,1,26,9,31,20,41,-126,0,6,202
-13970597.6632,5012342.3831,203,1922,1,31,13,17,22,41,-125.5,0,7.3,203
-13386170.179,4266276.7261,204,1922,3,10,11,21,20,35.75,-120.25,0,6.3,204
-13386170.179,4266276.7261,205,1922,8,18,5,12,0,35.75,-120.25,0,5.7,205
-13436263.9529,4204725.7038,206,1922,9,5,9,5,99.99,35.3,-120.7,0,5.5,206
-13414000.1439,5160980.2507,207,1923,1,11,4,29,0,42,-120.5,0,5,207
-13903805.9497,4924241.302,208,1923,1,22,9,4,18,40.4,-124.9,0,7.2,208
-13914937.9103,5012342.3894,209,1923,4,29,2,31,29,41,-125,0,5,209
-13052211.6342,4028802.6779,210,1923,7,23,7,30,26,34,-117.25,0,6.2,210
-12857402.4785,3829124.466,211,1923,11,5,22,7,0,32.5,-115.5,0,5,211
-12857402.4785,3829124.466,212,1923,11,7,23,57,0,32.5,-115.5,0,5.5,212
-13914937.9188,5086374.3851,213,1925,6,4,12,2,52,41.5,-125,0,6,213
-13336076.3855,4069156.8217,214,1925,6,29,14,42,16,34.3,-119.8,0,6.8,214
-13302680.5329,4069156.8241,215,1926,2,18,18,18,0,34.3,-119.5,0,5.5,215
-12913062.2463,4028802.6873,216,1926,4,3,20,8,0,34,-116,0,5.5,216
-13302680.5349,4096139.686,217,1926,6,29,23,21,0,34.5,-119.5,0,5.5,217
-13180229.088,4273137.1462,218,1926,6,30,13,31,0,35.8,-118.4,0,5.5,218
-13402868.1135,4369641.1921,219,1926,7,25,17,57,49,36.5,-120.4,15,5.8,219
-13603243.2281,4373796.4331,220,1926,10,22,12,35,7,36.53,-122.2,0,6.1,220
-13601016.8382,4376567.5005,221,1926,10,22,13,35,22,36.55,-122.18,0,6.1,221
-13604356.429,4441895.5714,222,1926,10,24,22,51,49.5,37.02,-122.21,0,5.8,222
-14026257.4119,4975537.069,223,1926,12,10,8,38,53,40.75,-126,0,6,223
-13402868.1124,4355801.9443,224,1926,12,27,9,19,0,36.4,-120.4,0,5.5,224
-12857402.4785,3829124.466,225,1927,1,1,8,16,45,32.5,-115.5,0,5.8,225
-12857402.4785,3829124.466,226,1927,1,1,9,13,30,32.5,-115.5,0,5.5,226
-13611035.5987,4432140.3949,227,1927,2,15,11,54,99.99,36.95,-122.27,0,5.9,227
-13609922.4036,4432140.3951,228,1927,2,15,23,54,3.5,36.95,-122.26,0,5,228
-13191361.0212,4028802.6684,229,1927,8,4,12,24,0,34,-118.5,0,5,229
-13870410.1078,5012342.3947,230,1927,8,20,20,5,44,41,-124.6,0,5,230
-13219190.9358,4509032.113,231,1927,9,18,2,7,7,37.5,-118.75,0,5.5,231
-13458527.8475,4109655.3701,232,1927,11,4,13,50,53,34.6,-120.9,0,7.1,232
-13653337.0501,4836921.9759,233,1928,4,15,21,57,15,39.8,-122.65,0,5.5,233
-13024381.766,4163881.8211,234,1928,9,5,14,42,0,35,-117,0,5.5,234
-12990985.9001,3975218.0759,235,1928,10,2,19,1,0,33.6,-116.7,0,5.5,235
-12970948.3995,4140803.4313,236,1929,9,26,20,0,22.7,34.83,-116.52,0,5.1,236
-13156852.0033,4425177.9392,237,1929,11,28,19,49,0,36.9,-118.19,0,5.5,237
-13013249.8074,4055689.5181,238,1930,1,16,0,24,33.9,34.2,-116.9,0,5.5,238
-13015476.1975,4052997.971,239,1930,1,16,0,34,3.6,34.18,-116.92,0,5.1,239
-12857402.4825,3895304.6043,240,1930,2,26,2,30,0,33,-115.5,0,5,240
-13302680.5349,4096139.686,241,1930,8,5,11,25,0,34.5,-119.5,0,5,241
-13205832.5569,4022090.8622,242,1930,8,31,0,40,36,33.95,-118.63,0,5.2,242
-13825882.3043,5004970.205,243,1930,9,23,2,58,0,40.95,-124.2,0,5.5,243
-13892673.9991,4924241.3033,244,1930,12,11,9,0,0,40.4,-124.8,0,5.5,244
-13914937.894,4865942.9851,245,1931,3,10,3,28,53,40,-125,0,5.6,245
-13981729.6007,4895049.1428,246,1931,8,23,18,1,35,40.2,-125.6,0,5.3,246
-13914937.9068,4982887.0381,247,1931,9,9,13,40,30,40.8,-125,0,5.8,247
-13469659.8128,4300622.0372,248,1932,2,26,16,58,0,36,-121,0,5,248
-13837014.2525,4982887.0471,249,1932,6,6,8,44,22,40.8,-124.3,0,6.4,249
-13135701.3198,4685924.9787,250,1932,12,21,6,10,5,38.75,-118,0,7.2,250
-13135701.3205,4693064.4031,251,1932,12,24,12,41,99.99,38.8,-118,0,5,251
-13135701.3205,4693064.4031,252,1932,12,25,3,55,99.99,38.8,-118,0,5.5,252
-13093399.8965,4582252.2712,253,1932,12,26,5,2,99.99,38.02,-117.62,0,5.3,253
-13135701.3205,4693064.4031,254,1932,12,29,6,21,99.99,38.8,-118,0,5.2,254
-13135701.3205,4693064.4031,255,1932,12,29,6,38,99.99,38.8,-118,0,5,255
-13135701.3205,4693064.4031,256,1932,12,29,6,46,99.99,38.8,-118,0,5,256
-13135701.3198,4685924.9787,257,1933,1,5,6,50,20,38.75,-118,0,5.9,257
-13132361.6779,3980565.2873,258,1933,3,11,1,54,9.5,33.64,-117.97,6,6.4,258
-13131248.4842,4001979.0655,259,1933,3,11,5,18,48.33,33.8,-117.96,6,5,259
-13134588.068,3979228.2493,260,1933,3,11,6,58,44.67,33.63,-117.99,6,5.28,260
-13283756.272,4733138.1241,261,1933,6,25,20,45,27,39.08,-119.33,0,6.1,261
-13175776.3371,4619057.0268,262,1934,1,30,20,16,31,38.28,-118.36,0,6.3,262
-13135701.3099,4579426.5522,263,1934,3,13,16,20,0,38,-118,0,5,263
-13390622.9597,4271764.7037,264,1934,6,8,4,47,48.95,35.79,-120.29,6,6,264
-13998427.544,5049287.5555,265,1934,7,6,22,48,0,41.25,-125.75,0,6.5,265
-12868534.4317,3864815.5867,266,1934,12,30,13,52,15.21,32.77,-115.6,6,6.5,266
-12860742.0639,3830444.4425,267,1934,12,31,18,45,49.8,32.51,-115.53,6,7,267
-13942767.7744,4902339.0898,268,1935,1,2,22,40,58,40.25,-125.25,0,5.8,268
-12824006.6214,3760686.2212,269,1935,2,24,1,45,0,31.98,-115.2,0,5.5,269
-13803618.4039,5012342.4023,270,1935,6,3,17,8,0,41,-124,0,5,270
-12830685.7982,3867463.6714,271,1935,12,20,7,45,31.31,32.79,-115.26,6,5.28,271
-13176889.5236,4524478.1751,272,1936,5,10,17,40,13.2,37.61,-118.37,10,5,272
-13914937.9103,5012342.3894,273,1936,10,10,1,25,0,41,-125,0,5,273
-13942767.7785,4938869.8882,274,1937,2,7,4,41,34,40.5,-125.25,0,5.8,274
-13169097.1668,4621893.6106,275,1937,2,19,9,9,0,38.3,-118.3,0,5,275
-12962042.8262,3956522.3002,276,1937,3,25,16,49,3.98,33.46,-116.44,6,5.6,276
-13078928.3139,3989928.9086,277,1938,5,31,8,34,55.44,33.71,-117.49,6,5.22,277
-13803618.4039,5012342.4023,278,1938,7,1,18,13,0,41,-124,0,5,278
-13803618.3877,4865942.9971,279,1938,9,12,6,10,0,40,-124,0,5.5,279
-13497489.6949,4362719.3303,280,1938,9,27,12,23,0,36.45,-121.25,0,5,280
-13202493.0088,4502018.703,281,1938,12,3,17,42,52.6,37.45,-118.6,10,5.7,281
-13269284.7348,4721672.3231,282,1939,1,11,22,0,0,39,-119.2,0,5.5,282
-13082267.8851,3758061.7538,283,1939,5,1,23,53,9.02,31.96,-117.52,6,5.03,283
-13082267.8851,3758061.7538,284,1939,5,1,23,53,9.02,31.96,-117.52,6,5.03,284
-12781705.2427,4296494.9222,285,1939,5,4,20,44,46.7,35.97,-114.82,0,5,285
-13116777.0008,4661688.253,286,1939,5,11,18,4,0,38.58,-117.83,0,5.5,286
-13052211.6654,4441895.6192,287,1939,6,13,17,15,0,37.02,-117.25,0,5,287
-13519753.6006,4411266.5883,288,1939,6,24,13,2,0,36.8,-121.45,0,5.5,288
-13076701.9096,3756749.7419,289,1939,6,24,16,27,27.63,31.95,-117.47,6,5.3,289
-13460754.2519,4296494.8684,290,1939,12,28,12,15,33.03,35.97,-120.92,6,5.16,290
-13536451.5701,4865943.0257,291,1940,2,8,8,5,59,40,-121.6,0,5.7,291
-12946458.1002,4039549.7975,292,1940,5,18,5,3,59.91,34.08,-116.3,6,5.33,292
-12946458.1,4035518.4422,293,1940,5,18,5,51,21.68,34.05,-116.3,6,5.21,293
-12859628.8714,3875411.4925,294,1940,5,19,4,36,42.51,32.85,-115.52,6,6.9,294
-12857402.4811,3872761.6218,295,1940,5,19,4,54,56.18,32.83,-115.5,6,5.15,295
-12857402.4813,3875411.4926,296,1940,5,19,5,51,38.13,32.85,-115.5,6,5.41,296
-12857402.4811,3872761.6218,297,1940,5,19,6,33,21.4,32.83,-115.5,6,5.18,297
-12857402.4811,3872761.6218,298,1940,5,19,6,35,33.45,32.83,-115.5,6,5.18,298
-12947571.2858,3891323.2765,299,1940,6,4,10,35,8.12,32.97,-116.31,6,5.03,299
-13803618.3877,4865942.9971,300,1940,12,20,23,40,42,40,-124,0,5.5,300
-13959465.7076,4968192.6448,301,1941,2,9,9,44,42,40.7,-125.4,0,6.6,301
-13321604.8483,4052997.9498,302,1941,7,1,7,50,55.38,34.18,-119.67,6,5.9,302
-13247020.8475,4865943.0563,303,1941,7,18,3,53,42,40,-119,0,5,303
-13216964.5465,4518858.7844,304,1941,9,14,16,43,31.8,37.57,-118.73,0,5.8,304
-13216964.5465,4518858.7844,305,1941,9,14,18,21,18.7,37.57,-118.73,0,5.5,305
-13216964.5465,4518858.7844,306,1941,9,14,18,39,11.9,37.57,-118.73,0,5.5,306
-13216964.5465,4518858.7844,307,1941,9,14,21,16,1,37.57,-118.73,0,5,307
-13239228.4183,4146229.3252,308,1941,9,21,19,53,8.69,34.87,-118.93,6,5.12,308
-13892673.9991,4924241.3033,309,1941,10,3,16,13,8,40.4,-124.8,0,6.4,309
-13914937.9004,4924241.3007,310,1941,10,6,6,59,0,40.4,-125,0,5,310
-13170210.3125,4000639.5311,311,1941,11,14,8,41,37.23,33.79,-118.31,6,5.12,311
-13216964.5465,4518858.7844,312,1941,12,31,6,48,44,37.57,-118.73,0,5.4,312
-13191361.0727,4664536.6424,313,1942,8,18,21,55,24,38.6,-118.5,0,5,313
-12884119.1648,3891323.2803,314,1942,10,21,16,22,11.56,32.97,-115.74,6,6.4,314
-12857402.4848,3932529.1754,315,1942,10,22,1,50,36.17,33.28,-115.5,6,5.65,315
-13280416.6958,4822443.1535,316,1942,12,3,9,44,42,39.7,-119.3,0,5.9,316
-13347208.3892,4703067.9979,317,1942,12,17,15,7,43,38.87,-119.9,0,5.1,317
-13402868.1517,4783454.6386,318,1943,3,30,21,7,28,39.43,-120.4,0,5.3,318
-13157965.2145,4607718.5012,319,1943,8,9,5,30,4,38.2,-118.2,0,5.5,319
-13016589.3937,4070504.4577,320,1943,8,29,3,45,13.42,34.31,-116.93,6,5.3,320
-12890798.3478,4081291.1612,321,1943,12,22,15,50,28.43,34.39,-115.8,6,5.12,321
-13903805.9482,4909634.4245,322,1944,1,12,15,2,40,40.3,-124.9,0,5.1,322
-13926069.8494,4909634.4221,323,1944,1,16,2,20,29,40.3,-125.1,0,5.1,323
-12993212.2938,4028802.682,324,1944,6,12,10,45,34.67,34,-116.72,6,5.05,324
-12989872.7085,4030145.5171,325,1944,6,12,11,16,35.8,34.01,-116.69,6,5.24,325
-13747958.6537,5041887.2752,326,1945,5,2,19,47,54,41.2,-123.5,0,5,326
-13080041.5436,4450264.3518,327,1945,6,14,3,30,13,37.08,-117.5,0,5,327
-12869647.6299,3916561.2391,328,1945,8,15,17,56,18.35,33.16,-115.61,6,5.76,328
-12920854.6046,3912572.6689,329,1946,1,8,18,54,21.19,33.13,-116.07,6,5.3,329
-13125682.5277,4264905.1832,330,1946,3,15,13,21,1.77,35.74,-117.91,6,5.44,330
-13124569.3322,4260791.5263,331,1946,3,15,13,49,36.84,35.71,-117.9,6,6,331
-13098965.845,4260791.5283,332,1946,3,15,14,0,36.69,35.71,-117.67,6,5.19,332
-13117890.1615,4259420.652,333,1946,3,15,19,18,54.52,35.7,-117.84,6,5.44,333
-13142380.4537,4259420.65,334,1946,3,15,21,54,35.39,35.7,-118.06,6,5.04,334
-13124569.3629,4621893.6147,335,1946,3,17,14,45,53,38.3,-117.9,0,5,335
-13115663.772,4269020.3913,336,1946,3,18,15,50,42.93,35.77,-117.82,6,5.23,336
-13525319.6272,4938869.9345,337,1946,7,7,6,55,15,40.5,-121.5,0,5,337
-12913062.2509,4096139.7135,338,1946,7,18,14,27,59.42,34.5,-116,6,5.48,338
-13430697.9875,4332316.0165,339,1947,2,5,6,14,0,36.23,-120.65,0,5,339
-12965382.4256,4163881.8254,340,1947,4,10,15,58,4.63,35,-116.47,6,6.5,340
-12980967.1572,4165240.8676,341,1947,4,10,16,2,59.29,35.01,-116.61,6,5.02,341
-13881542.0484,4924241.3045,342,1947,5,27,20,59,0,40.4,-124.7,0,5.2,342
-12966495.6116,4031488.5118,343,1947,7,24,22,10,46.93,34.02,-116.48,6,5.3,343
-12959816.4412,4035518.4413,344,1947,7,25,6,19,49.56,34.05,-116.42,6,5.23,344
-13937201.8016,4924241.2983,345,1947,9,23,13,52,55,40.4,-125.2,0,5.3,345
-13303793.7174,3909914.3575,346,1947,11,18,21,59,4.75,33.11,-119.51,6,5,346
-13203606.1543,3826484.9324,347,1948,2,24,8,15,10.24,32.48,-118.61,6,5.21,347
-13881542.0502,4938869.8951,348,1948,8,18,19,11,57,40.5,-124.7,0,5,348
-12938665.7338,4028802.6856,349,1948,12,4,23,43,14.75,34,-116.23,0,6,349
-13367245.9106,4800764.1288,350,1948,12,29,12,53,28,39.55,-120.08,0,6,350
-13107871.4211,4450264.3493,351,1949,2,11,21,5,24,37.08,-117.75,0,5.6,351
-13523093.1884,4441895.5785,352,1949,3,9,12,28,39,37.02,-121.48,0,5.2,352
-14026257.4212,5056693.5273,353,1949,3,24,20,56,56,41.3,-126,0,6.2,353
-12876326.8077,4027460.0129,354,1949,5,2,11,25,46.31,33.99,-115.67,6,5.71,354
-12983193.5226,3781702.4781,355,1949,11,4,20,42,38.53,32.14,-116.63,6,5.66,355
-13521980.0411,4931552.9185,356,1950,3,20,15,22,17,40.45,-121.47,0,5.5,356
-12857402.4833,3908585.4688,357,1950,7,28,17,50,47.05,33.1,-115.5,6,5.32,357
-12876326.8003,3911243.4524,358,1950,7,29,14,36,32.01,33.12,-115.67,6,5.41,358
-13366132.7234,4877575.2469,359,1950,12,14,13,24,19,40.08,-120.07,0,5.6,359
-12805082.3102,3860844.5823,360,1951,1,24,7,16,52.88,32.74,-115.03,6,5.94,360
-13948333.7532,4934479.024,361,1951,4,1,19,21,8,40.47,-125.3,0,5,361
-13489697.3308,4380725.4557,362,1951,7,29,10,53,45,36.58,-121.18,0,5,362
-13859278.1449,4902339.0991,363,1951,10,8,4,10,35,40.25,-124.5,0,6,363
-13167983.9149,3886016.9358,364,1951,12,26,0,46,54.94,32.93,-118.29,6,5.74,364
-13200266.6201,4518858.7859,365,1951,12,28,2,49,27,37.57,-118.58,0,5.2,365
-13333850.056,4782013.5352,366,1952,5,9,15,31,32,39.42,-119.78,0,5.1,366
-13249247.1752,4161164.2161,367,1952,7,21,11,52,14.27,34.98,-119.02,6,7.5,367
-13254813.1509,4163881.8042,368,1952,7,21,12,5,31.07,35,-119.07,6,6.3,368
-13226983.2738,4166600.059,369,1952,7,21,12,19,36.02,35.02,-118.82,6,5.19,369
-13189134.6415,4177479.7293,370,1952,7,21,12,22,1.77,35.1,-118.48,6,5.18,370
-13228096.4703,4185646.4846,371,1952,7,21,19,41,21.9,35.16,-118.83,6,5.23,371
-13200266.5953,4217008.3755,372,1952,7,23,0,38,32.05,35.39,-118.58,6,5.7,372
-13204719.3756,4215642.9598,373,1952,7,23,3,19,22.36,35.38,-118.62,6,5.07,373
-13225870.0785,4163881.8063,374,1952,7,23,7,53,18.11,35,-118.81,6,5.56,374
-13224756.8854,4189732.1226,375,1952,7,23,13,17,5.43,35.19,-118.8,6,5.8,375
-13238115.2241,4158447.292,376,1952,7,23,18,13,50.76,34.96,-118.92,14.5,5.11,376
-13192474.2293,4211547.7296,377,1952,7,25,19,9,44.23,35.35,-118.51,0,5.8,377
-13190247.8388,4207454.0192,378,1952,7,25,19,43,22.91,35.32,-118.49,0,6,378
-13232549.2527,4212912.6345,379,1952,7,29,7,3,46.4,35.36,-118.87,6,6.3,379
-13228096.4728,4218373.9583,380,1952,7,29,8,1,46.01,35.4,-118.83,6,5.18,380
-13190247.8382,4200634.5416,381,1952,7,31,12,9,9.37,35.27,-118.49,6,5.5,381
-13258152.7367,4170678.683,382,1952,8,7,16,31,50.65,35.05,-119.1,6,5.03,382
-13240341.6182,4211547.7259,383,1952,8,22,22,41,23.19,35.35,-118.94,1,5.51,383
-13850372.5835,4895049.1572,384,1952,9,22,11,41,25,40.2,-124.42,0,5.2,384
-13499716.0773,4267648.4529,385,1952,11,22,7,46,37.13,35.76,-121.27,6,6.2,385
-13356113.9492,4695921.5537,386,1953,3,22,5,19,0,38.82,-119.98,0,5,386
-12861855.2611,3864815.5871,387,1953,6,14,4,17,25.94,32.77,-115.54,6,5.5,387
-13356113.9594,4797877.1395,388,1953,9,26,3,34,29,39.53,-119.98,0,5.3,388
-13253699.9556,4162522.9269,389,1954,1,12,23,33,48.65,34.99,-119.06,4.1,5.7,389
-12841817.7459,3809342.3878,390,1954,2,1,4,31,59.92,32.35,-115.36,6,5.48,390
-12920854.6059,3933860.8225,391,1954,3,19,9,54,27.99,33.29,-116.07,6,6.4,391
-12923080.9954,3921881.4483,392,1954,3,19,10,21,16.29,33.2,-116.09,6,5.48,392
-13537564.723,4425177.9064,393,1954,4,25,20,33,28,36.9,-121.61,0,5.6,393
-13247020.785,4161164.2162,394,1954,5,23,23,52,43.07,34.98,-119,14.8,5.03,394
-13194700.6695,4782013.5493,395,1954,7,6,11,13,20,39.42,-118.53,0,6.6,395
-13194700.6695,4782013.5493,396,1954,7,6,11,49,0,39.42,-118.53,0,5.7,396
-13194700.6695,4782013.5493,397,1954,7,6,13,15,11,39.42,-118.53,0,5.2,397
-13191361.0824,4764736.3216,398,1954,7,6,22,7,41,39.3,-118.5,0,6.4,398
-13191361.0824,4764736.3216,399,1954,7,8,19,31,57,39.3,-118.5,0,5.3,399
-13191361.0824,4764736.3216,400,1954,7,12,16,5,25,39.3,-118.5,0,5.1,400
-13191361.0824,4764736.3216,401,1954,7,30,2,0,10,39.3,-118.5,0,5.1,401
-13191361.0824,4764736.3216,402,1954,8,2,10,18,53,39.3,-118.5,0,5.4,402
-13185795.1109,4805096.1937,403,1954,8,24,5,51,32,39.58,-118.45,0,6.8,403
-13191361.0852,4793548.2295,404,1954,8,24,5,57,46,39.5,-118.5,0,5.2,404
-13157965.2338,4807985.2694,405,1954,8,31,22,20,32,39.6,-118.2,0,6.3,405
-13157965.2338,4807985.2694,406,1954,9,1,5,18,46,39.6,-118.2,0,5.5,406
-13985069.1869,4905256.57,407,1954,11,25,11,16,35,40.27,-125.63,0,6.5,407
-13157965.2297,4767613.8032,408,1954,12,16,11,7,13,39.32,-118.2,0,7.1,408
-13135701.3304,4793548.2351,409,1954,12,16,11,11,29,39.5,-118,0,6.8,409
-13135701.3304,4793548.2351,410,1954,12,16,11,50,36,39.5,-118,0,5,410
-13135701.3304,4793548.2351,411,1954,12,16,11,57,30,39.5,-118,0,5,411
-13157965.2297,4767613.8032,412,1954,12,16,13,15,3,39.32,-118.2,0,5,412
-13157965.2324,4793548.2328,413,1954,12,16,14,16,57,39.5,-118.2,0,5.8,413
-13135701.3304,4793548.2351,414,1954,12,16,14,24,10,39.5,-118,0,5.3,414
-13157965.2324,4793548.2328,415,1954,12,16,15,9,42,39.5,-118.2,0,5.1,415
-13135701.3304,4793548.2351,416,1954,12,17,20,27,6,39.5,-118,0,5,416
-13135701.3377,4865943.068,417,1954,12,20,17,36,47,40,-118,0,5,417
-13779128.1112,5002022.8959,418,1954,12,21,19,56,29,40.93,-123.78,0,6.6,418
-13135701.3233,4721672.3362,419,1955,1,1,12,13,54,39,-118,0,5.1,419
-13135701.3233,4721672.3362,420,1955,1,9,9,10,50,39,-118,0,5,420
-13163531.2003,4717376.0007,421,1955,6,19,19,20,0,38.97,-118.25,0,5.2,421
-13191361.0781,4721672.3307,422,1955,6,19,19,25,16,39,-118.5,0,5,422
-13210285.3857,4626149.948,423,1955,8,8,10,35,35,38.33,-118.67,0,5.2,423
-13556489.0451,4490806.9557,424,1955,9,5,2,1,18,37.37,-121.78,0,5.5,424
-13586545.3198,4575189.3823,425,1955,10,24,4,10,44,37.97,-122.05,0,5.4,425
-13460754.2522,4300622.038,426,1955,11,2,19,40,6,36,-120.92,0,5.2,426
-13144606.89,4782013.5543,427,1955,11,21,20,25,33,39.42,-118.08,0,5.5,427
-12855176.0919,3889996.4752,428,1955,12,17,6,7,28.18,32.96,-115.48,6,5.26,428
-13185795.1106,4800764.1473,429,1956,7,26,9,53,17,39.55,-118.45,0,5.1,429
-14000653.9243,4963788.627,430,1956,10,11,16,48,50,40.67,-125.77,0,6,430
-13410660.4729,4293744.2972,431,1956,11,16,3,23,9,35.95,-120.47,0,5,431
-13239228.4571,4614803.6109,432,1956,12,31,17,37,45,38.25,-118.93,0,5,432
-13243681.2379,4619057.0204,433,1956,12,31,17,39,24,38.28,-118.97,0,5.1,433
-13634412.7041,4532912.8845,434,1957,3,22,19,44,21,37.67,-122.48,8.5,5.3,434
-12880779.5806,3909914.3841,435,1957,4,25,21,57,37.7,33.11,-115.71,6,5.18,435
-12879666.3857,3912572.6716,436,1957,4,25,22,24,10.54,33.13,-115.7,6,5.19,436
-12884119.1587,3786962.3052,437,1958,12,1,3,21,17.09,32.18,-115.74,6,5.77,437
-12898590.6941,3771189.7552,438,1958,12,1,6,2,29.61,32.06,-115.87,6,5.4,438
-13536451.5288,4436320.0921,439,1959,3,2,23,27,17,36.98,-121.6,30,5.3,439
-13137927.7219,4807985.2715,440,1959,3,23,7,10,20,39.6,-118.02,0,6.3,440
-13380604.2542,4825337.2349,441,1959,4,1,18,18,30,39.72,-120.2,0,5.6,441
-13226983.3224,4733138.1297,442,1959,6,23,14,35,0,39.08,-118.82,0,6.1,442
-13224756.9324,4736006.6111,443,1959,6,23,15,4,34,39.1,-118.8,0,5.5,443
-13948333.7643,5031536.3099,444,1959,7,24,1,23,9,41.13,-125.3,0,5.8,444
-13196927.0322,4488005.9277,445,1959,8,4,7,36,59,37.35,-118.55,0,5.2,445
-13961692.0913,4909634.4181,446,1959,12,5,8,13,42,40.3,-125.42,0,5.1,446
-13517527.2102,4408486.5057,447,1960,1,20,3,25,53,36.78,-121.43,0,5,447
-13216964.5459,4511838.7926,448,1960,6,5,7,47,7,37.52,-118.73,0,5.2,448
-13901579.5665,4985828.5723,449,1960,6,6,1,17,48,40.82,-124.88,0,5.7,449
-13920503.8946,5089347.5029,450,1960,12,27,10,35,26,41.52,-125.05,61,5.4,450
-13141267.2591,4266276.7454,451,1961,1,28,8,12,46.08,35.75,-118.05,6,5.05,451
-13205832.5941,4502018.7027,452,1961,2,2,0,4,16,37.45,-118.63,0,5.3,452
-13210285.3741,4497812.9055,453,1961,2,2,0,7,42,37.42,-118.67,0,5.1,453
-13887108.0203,4892134.6815,454,1961,4,6,4,4,45,40.18,-124.75,0,5.1,454
-13503055.6729,4394596.9585,455,1961,4,9,7,23,16,36.68,-121.3,0,5.5,455
-13503055.6732,4397373.4218,456,1961,4,9,7,25,41,36.7,-121.3,0,5.5,456
-13180229.1556,4997603.6634,457,1961,7,4,4,56,0,40.9,-118.4,0,5.4,457
-13202493.0456,4884852.3321,458,1961,7,4,11,9,11,40.13,-118.6,0,5,458
-13113437.383,4282748.9755,459,1961,10,19,5,9,44.39,35.87,-117.8,4.3,5.13,459
-13297114.6015,4610551.9508,460,1962,4,13,15,38,51.9,38.22,-119.45,6,5.1,460
-13950560.1402,4905256.5739,461,1962,4,14,7,53,14.7,40.27,-125.32,0,5.4,461
-13727921.1092,4731704.144,462,1962,6,6,17,50,6.2,39.07,-123.32,5,5.2,462
-13972824.044,4928627.5866,463,1962,7,14,19,43,46.2,40.43,-125.52,30,5.1,463
-13840353.8558,5138537.3392,464,1962,8,23,19,29,13.1,41.85,-124.33,2,5.6,464
-13539791.1128,4421002.5991,465,1963,9,14,19,46,17,36.87,-121.63,0,5.4,465
-13026608.1438,3983239.8361,466,1963,9,23,14,41,53.03,33.66,-117.02,1.8,5.29,466
-13224756.9268,4678790.5444,467,1964,3,22,16,30,55.9,38.7,-118.8,0,5.5,467
-13146833.2701,4678790.5519,468,1964,10,23,13,57,5,38.7,-118.1,0,5.3,468
-13546470.2856,4447473.9978,469,1964,11,16,2,46,41.7,37.06,-121.69,0,5,469
-14003993.5067,4938869.8814,470,1965,9,16,4,10,8,40.5,-125.8,33,5,470
-12959816.4472,4123187.3843,471,1965,9,25,17,43,43.48,34.7,-116.42,6,5.15,471
-13388396.5698,4274509.7285,472,1966,6,28,4,26,16.1,35.81,-120.27,6,6,472
-13375038.2743,4782013.5311,473,1966,9,12,16,41,1.9,39.42,-120.15,0,6,473
-13375038.2743,4782013.5311,474,1966,9,12,17,20,11,39.42,-120.15,0,5.3,474
-13881542.0502,4938869.8951,475,1967,12,10,12,6,52.2,40.5,-124.7,0,5.6,475
-13556489.0405,4439107.4664,476,1967,12,18,17,24,32,37,-121.78,0,5.3,476
-12923080.9951,3917891.0613,477,1968,4,9,2,28,58.65,33.17,-116.09,15,6.6,477
-12917515.0191,3909914.3818,478,1968,4,9,3,3,53.5,33.11,-116.04,5,5.2,478
-12924194.1897,3908585.4647,479,1968,4,9,7,3,51.92,33.1,-116.1,6,5.08,479
-13833674.658,4899422.479,480,1968,6,26,1,42,20.8,40.23,-124.27,0,5.4,480
-13322718.0432,4050307.0407,481,1968,7,5,0,45,17.94,34.16,-119.68,4.8,5.04,481
-12954250.4585,3925873.2008,482,1969,4,28,23,20,45.24,33.23,-116.37,6,5.47,482
-13657789.8112,4646036.1756,483,1969,10,2,4,56,46.5,38.47,-122.69,0,5.6,483
-13657789.8111,4644614.4492,484,1969,10,2,6,19,57.1,38.46,-122.69,0,5.7,484
-13510848.0138,4075896.4836,485,1969,10,22,22,51,32.14,34.35,-121.37,6,5.11,485
-13525319.5527,4116419.3139,486,1969,11,5,17,54,8.06,34.65,-121.5,6,5.46,486
-13083381.0993,4065114.9606,487,1970,9,12,14,30,52.92,34.27,-117.53,7.6,5.22,487
-13923843.4565,4884852.2547,488,1970,9,13,21,10,21,40.13,-125.08,0,5.4,488
-13176889.4887,4085338.8085,489,1971,2,9,14,0,41.92,34.42,-118.37,8.9,6.6,489
-13176889.4887,4085338.8085,490,1971,2,9,14,1,12.45,34.42,-118.37,6,5.8,490
-13176889.4887,4085338.8085,491,1971,2,9,14,2,45.74,34.42,-118.37,6,5.8,491
-13176889.4887,4085338.8085,492,1971,2,9,14,10,29.04,34.42,-118.37,6,5.3,492
-13896013.5822,4905256.5799,493,1971,2,27,0,31,37.7,40.27,-124.83,0,5.2,493
-12891911.531,3897959.5691,494,1971,9,30,22,46,11.41,33.02,-115.81,6,5.01,494
-13493036.9161,4380725.4555,495,1972,2,24,15,56,51,36.58,-121.21,7.5,5.1,495
-13942767.7813,4963788.6335,496,1972,3,1,9,28,42,40.67,-125.25,0,5.2,496
-13252586.751,4027459.9874,497,1973,2,21,14,45,56.46,33.99,-119.05,10,5.9,497
-13299340.9444,4022090.8559,498,1973,8,6,23,29,16.63,33.95,-119.47,15,5.14,498
-13829221.8782,4903797.737,499,1973,8,9,2,18,25.8,40.26,-124.23,2,5.1,499
-13870410.1014,4956453.0203,500,1973,12,21,19,12,43.5,40.62,-124.6,30,5.2,500
-13965031.7033,5143021.6782,501,1974,3,3,11,37,36.8,41.88,-125.45,33,5.1,501
-13930522.6315,4927165.2766,502,1974,7,3,5,0,58.6,40.42,-125.14,12,5.4,502
-13934975.411,4919856.9604,503,1974,7,13,11,9,57.5,40.37,-125.18,1,5,503
-13521979.9922,4427962.3579,504,1974,11,28,23,1,24.56,36.92,-121.47,6.1,5.37,504
-13965031.6782,4925703.1754,505,1975,1,28,13,53,16.4,40.41,-125.45,10,5,505
-12967608.8112,4097490.5488,506,1975,6,1,1,38,48.74,34.51,-116.49,0.1,5.28,506
-13834787.8581,4944727.4407,507,1975,6,7,8,46,23.51,40.54,-124.28,23.6,5.31,507
-13531998.7812,4783454.6254,508,1975,8,1,20,20,4.72,39.43,-121.56,8.4,6.1,508
-13408434.0883,4362719.3376,509,1975,8,3,6,35,17.66,36.45,-120.45,18.8,5.23,509
-13419566.0341,4300622.0412,510,1975,9,13,21,20,58.99,36,-120.55,11.2,5.07,510
-12870760.8248,3911243.4528,511,1976,11,4,10,41,37.78,33.12,-115.62,4.6,5.06,511
-13993974.7644,5055211.8822,512,1976,11,26,11,19,25.2,41.29,-125.71,15,6.69,512
-13408434.1514,5012342.4472,513,1976,11,27,2,49,47,41,-120.45,5,5,513
-12777252.4267,3760686.2238,514,1976,12,7,12,59,56.3,31.98,-114.78,8,5.7,514
-14020691.4544,5128081.9957,515,1976,12,23,9,38,58.4,41.78,-125.95,15,5.5,515
-13279303.4835,4647458.1355,516,1977,2,22,6,24,6.5,38.48,-119.29,5,5,516
-13721241.9437,4780572.592,517,1977,11,22,21,15,53.3,39.41,-123.26,15.5,5.21,517
-12836251.7696,3797488.8888,518,1978,5,5,21,3,15.77,32.26,-115.31,10,5.03,518
-13326057.6298,4070504.4361,519,1978,8,13,22,54,52.91,34.31,-119.71,18,5.78,519
-13337189.6326,4694492.8693,520,1978,9,4,21,54,52.5,38.81,-119.81,14,5.2,520
-13213624.9606,4511838.7929,521,1978,10,4,16,42,47.75,37.52,-118.7,5,5.44,521
-13999540.7292,4963788.6271,522,1978,10,15,15,36,50.2,40.67,-125.76,26.1,5.33,522
-13911598.3159,4931552.8755,523,1978,10,15,19,55,17.07,40.45,-124.97,46,5.56,523
-13933862.2177,4935942.4289,524,1978,10,16,4,23,5.81,40.48,-125.17,56,5.53,524
-14009559.4839,4956453.0046,525,1978,12,3,6,48,7.6,40.62,-125.85,98.5,5.02,525
-13211398.5323,4020748.9742,526,1979,1,1,23,14,38.94,33.94,-118.68,11.3,5.2,526
-13839240.6437,4993186.2938,527,1979,2,3,9,58,17.07,40.87,-124.32,23.6,5.13,527
-13366132.7224,4867396.3232,528,1979,2,22,15,57,28.1,40.01,-120.07,17,5,528
-12962042.834,4073200.1705,529,1979,3,15,21,7,16.53,34.33,-116.44,2.5,5.51,529
-13919390.6929,5033014.3426,530,1979,4,7,6,18,54.09,41.14,-125.04,5,5.35,530
-13927183.0522,4979946.3904,531,1979,8,1,10,50,51.52,40.78,-125.11,45,5.86,531
-13526432.7747,4453055.3628,532,1979,8,6,17,5,22.91,37.1,-121.51,8.9,5.74,532
-13285982.6506,4610551.9518,533,1979,10,7,20,54,41.5,38.22,-119.35,11,5.2,533
-12837364.9674,3843652.2981,534,1979,10,15,23,16,53.44,32.61,-115.32,12.3,6.51,534
-12850723.31,3864815.5878,535,1979,10,15,23,19,29.98,32.77,-115.44,9.2,5.2,535
-12861855.2624,3886016.9548,536,1979,10,16,5,49,10.18,32.93,-115.54,10.4,5.1,536
-12861855.2624,3886016.9548,537,1979,10,16,6,19,48.68,32.93,-115.54,9.2,5.14,537
-12864081.6532,3896632.0121,538,1979,10,16,6,58,42.79,33.01,-115.56,9.1,5.61,538
-13874862.8792,4933015.8471,539,1979,10,24,15,23,51.52,40.46,-124.64,26.8,5.04,539
-13555375.8559,4556848.4678,540,1980,1,24,19,0,8.63,37.84,-121.77,14.7,5.81,540
-13556489.0506,4552620.5424,541,1980,1,24,19,1,1.53,37.81,-121.78,7.1,5.1,541
-13548696.6843,4544169.8424,542,1980,1,27,2,33,35.32,37.75,-121.71,14.7,5.18,542
-12974287.9729,3964531.0694,543,1980,2,25,10,47,38.7,33.52,-116.55,6,5.1,543
-13928296.2413,4925703.1794,544,1980,3,3,14,17,3.85,40.41,-125.12,11.6,5.47,544
-13228096.4977,4521668.0995,545,1980,5,25,16,33,44,37.59,-118.83,9,6.19,545
-13238115.2546,4532912.9204,546,1980,5,25,16,49,26.81,37.67,-118.92,10.7,6,546
-13226983.3017,4511838.7917,547,1980,5,25,19,44,50.24,37.52,-118.82,17.2,5.88,547
-13229209.6931,4525883.4893,548,1980,5,25,20,35,47.93,37.62,-118.84,6.6,5.7,548
-13226983.3027,4523073.0407,549,1980,5,25,20,59,22.37,37.6,-118.82,16.5,5,549
-13232549.2777,4517454.4079,550,1980,5,26,12,24,24.83,37.56,-118.87,10.8,5.1,550
-13233662.4722,4511838.7912,551,1980,5,26,18,57,55.52,37.52,-118.88,4.4,5.7,551
-13225870.1064,4509032.1124,552,1980,5,27,14,50,56.81,37.5,-118.81,15.9,5.85,552
-12799516.3307,3792224.4427,553,1980,6,9,3,28,18.9,32.22,-114.98,5,6.33,553
-13210285.3811,4576601.6008,554,1980,6,29,7,46,14.1,37.98,-118.67,15,5,554
-13233662.4728,4517454.4078,555,1980,8,1,16,38,55.88,37.56,-118.88,6.8,5.21,555
-13198040.2359,4586492.2807,556,1980,9,7,1,30,42.7,38.05,-118.56,14,5.1,556
-13200266.626,4583665.4081,557,1980,9,7,4,36,38.3,38.03,-118.58,15,5.27,557
-13871523.304,5022672.8691,558,1980,11,8,10,27,33.37,41.07,-124.61,15.1,7.3,558
-13885994.8263,4902339.0961,559,1980,11,8,11,20,38.7,40.25,-124.74,15,5,559
-13890447.6111,4943262.7217,560,1980,11,8,23,7,10.4,40.53,-124.78,15,5,560
-13952786.5341,4938869.8872,561,1980,11,9,4,9,8.8,40.5,-125.34,15,5,561
-13406207.735,4764736.3,562,1980,11,28,18,21,13.1,39.3,-120.43,5,5.2,562
-13887108.0389,5056693.5438,563,1980,12,24,13,29,31.65,41.3,-124.75,3.2,5.5,563
-13165757.5794,4599222.7791,564,1980,12,28,22,58,8.7,38.14,-118.27,23,5,564
-12870760.8245,3908585.468,565,1981,4,26,12,9,28.29,33.1,-115.62,18.8,5.9,565
-13260379.1129,3969873.3171,566,1981,9,4,15,50,48.7,33.56,-119.12,6,5.84,566
-13232549.278,4520263.3467,567,1981,9,30,11,53,26.17,37.58,-118.87,5.6,5.6,567
-13990635.1644,4924241.2923,568,1982,1,13,12,26,21.58,40.4,-125.68,5,5.45,568
-13930522.6423,5022672.8624,569,1982,2,6,12,2,2.38,41.07,-125.14,9.2,5.49,569
-13153512.4296,4558258.1951,570,1982,9,24,7,40,24.43,37.85,-118.16,7.5,5.34,570
-13108984.6012,4264905.1846,571,1982,10,1,14,29,1.7,35.74,-117.76,3.8,5.12,571
-13402868.1111,4340599.3232,572,1982,10,25,22,26,4.22,36.29,-120.4,6,5.44,572
-13234775.6689,4528694.6939,573,1983,1,7,1,38,10.36,37.64,-118.89,7.9,5.35,573
-13239228.4491,4527288.9964,574,1983,1,7,3,24,18.92,37.63,-118.93,13,5.28,574
-13393962.5498,4332316.0195,575,1983,5,2,23,42,38.13,36.23,-120.32,10,6.34,575
-13390622.9646,4332316.0198,576,1983,5,2,23,46,6,36.23,-120.29,8,5.7,576
-13391736.1598,4335076.4143,577,1983,5,9,2,49,11.53,36.25,-120.3,13.2,5.2,577
-13963918.484,4933015.837,578,1983,5,29,6,55,33.13,40.46,-125.44,10,5.49,578
-13409547.2813,4335076.4128,579,1983,6,11,3,9,52.67,36.25,-120.46,7.3,5.44,579
-13403981.3057,4333696.1277,580,1983,7,9,7,40,51.24,36.24,-120.41,9.1,5.14,580
-13400641.7207,4336456.8758,581,1983,7,22,2,39,54.78,36.26,-120.38,9.2,5.68,581
-13403981.3055,4330936.0862,582,1983,7,25,22,31,39.52,36.22,-120.41,9.1,5.21,582
-13906032.3394,4919856.9636,583,1983,8,24,13,36,28.87,40.37,-124.92,11.9,6.15,583
-13389509.7694,4330936.0873,584,1983,9,9,9,16,13.51,36.22,-120.28,7.2,5.43,584
-14002880.3102,4927165.2685,585,1983,12,20,10,41,0.9,40.42,-125.79,9.5,5.89,585
-13568734.179,4351653.6304,586,1984,1,23,5,40,19.93,36.37,-121.89,8.2,5.12,586
-13946107.3625,4928627.5896,587,1984,2,28,15,16,12.63,40.43,-125.28,4,5.04,587
-13545357.0935,4482406.0143,588,1984,4,24,21,15,18.76,37.31,-121.68,8.5,6.15,588
-13874862.877,4914014.2175,589,1984,8,4,21,45,54.44,40.33,-124.64,20.7,5.33,589
-13203606.2041,4503421.0099,590,1984,11,23,18,8,25.37,37.46,-118.61,10.9,5.79,590
-13203606.2036,4499214.651,591,1984,11,23,19,12,34.7,37.43,-118.61,12.8,5.49,591
-13208058.9843,4502018.7024,592,1984,11,26,16,21,40.83,37.45,-118.65,9,5.12,592
-13226983.3098,4602053.9036,593,1985,1,24,11,27,21.4,38.16,-118.82,13.3,5,593
-13363906.2816,4321281.4955,594,1985,8,4,12,1,56.03,36.15,-120.05,6,6.08,594
-13500829.2842,4411266.5899,595,1986,1,26,19,20,50.93,36.8,-121.28,8.7,5.39,595
-13953899.7483,5105716.1015,596,1986,2,11,1,15,57.25,41.63,-125.35,10,5.3,596
-13546470.2908,4506226.156,597,1986,3,31,11,55,39.8,37.48,-121.69,9.2,5.61,597
-12980967.1477,4028802.6827,598,1986,7,8,9,20,44.56,34,-116.61,10.3,6.02,598
-13121229.7214,3891323.2657,599,1986,7,13,13,47,8.21,32.97,-117.87,6,5.81,599
-13184681.8887,4518858.7872,600,1986,7,20,14,29,45.45,37.57,-118.44,6.8,5.77,600
-13184681.8883,4514646.2273,601,1986,7,21,14,42,26.01,37.54,-118.44,10.6,6.22,601
-13181342.3022,4504823.5065,602,1986,7,21,14,51,8.61,37.47,-118.41,11.5,5.7,602
-13179115.9137,4523073.0449,603,1986,7,21,22,7,16.36,37.6,-118.39,3.1,5.38,603
-13188021.4735,4513242.417,604,1986,7,22,13,48,59.17,37.53,-118.47,12.2,5,604
-13176889.5219,4504823.5069,605,1986,7,31,7,22,39.77,37.47,-118.37,7.3,5.47,605
-13180229.1076,4510435.3621,606,1986,8,1,14,28,18.15,37.51,-118.4,9.5,5.1,606
-13873749.6825,4919856.9672,607,1986,11,21,23,32,58.53,40.37,-124.63,0.4,5.1,607
-13848146.1959,4918395.9577,608,1986,11,21,23,34,18.99,40.36,-124.4,16.1,5.1,608
-12836251.7706,3814614.3944,609,1987,2,7,3,45,14.85,32.39,-115.31,6,5.48,609
-13436263.9599,4295119.4957,610,1987,2,14,7,26,53.42,35.96,-120.7,6,5.2,610
-13845919.8068,4927165.2859,611,1987,7,31,23,56,57.82,40.42,-124.38,17.5,5.99,611
-13144606.8277,4036862.0553,612,1987,10,1,14,42,20.02,34.06,-118.08,9.5,5.89,612
-13146833.2181,4038205.8402,613,1987,10,4,10,59,38.19,34.07,-118.1,8.3,5.21,613
-12889685.1413,3907256.7012,614,1987,11,24,1,54,14.66,33.09,-115.79,10.8,6.04,614
-12896364.3114,3897959.5688,615,1987,11,24,13,15,56.71,33.02,-115.85,11.2,6.51,615
-13504168.8695,4411266.5896,616,1988,2,20,8,39,57.24,36.8,-121.31,9.6,5.03,616
-13218077.7123,4155731.0316,617,1988,6,10,23,6,43.05,34.94,-118.74,6.8,5.37,617
-13552036.2649,4493608.7629,618,1988,6,13,1,45,36.52,37.39,-121.74,9.7,5.01,618
-13569847.3831,4457243.3154,619,1988,6,27,18,43,22.32,37.13,-121.9,13.2,5.3,619
-13173549.9493,4644614.4955,620,1988,9,19,2,56,31.77,38.46,-118.34,9,5,620
-13150172.8041,4048961.8372,621,1988,12,3,11,38,26.45,34.15,-118.13,14.3,5.02,621
-12988759.5132,4026117.4864,622,1988,12,16,5,53,4,33.98,-116.68,8.1,5.03,622
-13573186.9685,4460036.2084,623,1989,8,8,8,13,27.39,37.15,-121.93,14,5.4,623
-13875976.0719,4912554.0712,624,1989,9,21,17,41,18.4,40.32,-124.65,16.9,5.13,624
-13567620.9917,4444684.4179,625,1989,10,18,0,4,15.2,37.04,-121.88,17.3,6.89,625
-13586545.3099,4465624.211,626,1989,10,18,0,41,23.77,37.19,-122.05,15.8,5.1,626
-13838127.4383,4899422.4784,627,1990,1,16,20,8,21.37,40.23,-124.31,13,5.46,627
-13102305.4148,4047616.7843,628,1990,2,28,23,43,36.75,34.14,-117.7,4.5,5.67,628
-13543130.6987,4429354.855,629,1990,4,18,13,53,51.3,36.93,-121.66,5.6,5.4,629
-13545357.0892,4433533.448,630,1990,4,18,15,46,3.45,36.96,-121.68,6.8,5.1,630
-13261492.3563,4586492.2747,631,1990,10,24,6,15,19.51,38.05,-119.13,12.6,5.31,631
-13134588.0738,4065114.957,632,1991,6,28,14,43,54.66,34.27,-117.99,9.2,5.64,632
-13961692.0927,4922779.6326,633,1991,8,3,0,49,3.2,40.39,-125.42,5,5.17,633
-13958352.5298,5116147.0292,634,1991,8,16,22,26,17.21,41.7,-125.39,10,6.27,634
-13830335.0737,4906715.653,635,1991,8,17,19,29,40.55,40.28,-124.24,9.6,6.12,635
-13959465.727,5134055.0735,636,1991,8,17,22,17,14.68,41.82,-125.4,13.5,7.03,636
-13519753.5893,4274509.718,637,1991,9,17,21,10,28.16,35.81,-121.45,6,5.01,637
-13829221.8782,4903797.737,638,1992,3,8,3,43,4.44,40.26,-124.23,11.1,5.45,638
-12948684.4893,4023432.9251,639,1992,4,23,4,50,23.23,33.96,-116.32,12.3,6.15,639
-13829221.8793,4914014.2225,640,1992,4,25,18,6,5.19,40.33,-124.23,10.2,7.15,640
-13867070.5132,4928627.5984,641,1992,4,26,7,41,40.08,40.43,-124.57,19.5,6.45,641
-13896013.5846,4927165.2804,642,1992,4,26,11,18,23.01,40.42,-124.83,14.2,6.6,642
-13849259.3902,4911094.1442,643,1992,6,5,21,46,43.07,40.31,-124.41,20.3,5.17,643
-12962042.8327,4055689.5215,644,1992,6,28,11,57,34.13,34.2,-116.44,1,7.29,644
-12958703.2467,4046271.8971,645,1992,6,28,12,0,44,34.13,-116.41,0,5.77,645
-12948684.4908,4044927.1598,646,1992,6,28,12,1,16.19,34.12,-116.32,6,5.7,646
-12965382.4168,4036862.0675,647,1992,6,28,12,2,16.96,34.06,-116.47,6,5,647
-12959816.4417,4042238.1601,648,1992,6,28,12,2,31.08,34.1,-116.42,6,5,648
-12960929.6369,4044927.1589,649,1992,6,28,12,36,40.77,34.12,-116.43,8.3,5.49,649
-12969835.1998,4074548.2655,650,1992,6,28,12,40,53.57,34.34,-116.51,6,5.41,650
-13007683.8316,4050307.0625,651,1992,6,28,14,43,21.85,34.16,-116.85,11.1,5.53,651
-13005457.4417,4055689.5187,652,1992,6,28,15,5,30.73,34.2,-116.83,5.4,6.49,652
-13014363.0031,4063767.9929,653,1992,6,28,17,5,57.56,34.26,-116.91,7.7,5.26,653
-12931986.5898,4389046.2444,654,1992,6,29,10,14,20.06,36.64,-116.17,13.1,5.73,654
-12957590.0514,4042238.1602,655,1992,6,29,14,8,37.73,34.1,-116.4,10.3,5.69,655
-12956476.8563,4042238.1603,656,1992,6,29,14,13,38.77,34.1,-116.39,11.7,5.38,656
-12943118.513,4011360.1871,657,1992,6,29,16,1,42.79,33.87,-116.27,1.1,5.46,657
-12953137.2701,4028802.6846,658,1992,6,30,14,38,11.72,34,-116.36,1.9,5.13,658
-12964269.2242,4073200.1704,659,1992,7,1,7,40,29.9,34.33,-116.46,6,5.34,659
-12948684.495,4106950.9674,660,1992,7,5,21,18,27.6,34.58,-116.32,6,5.42,660
-13006570.6372,4061074.5289,661,1992,7,9,1,43,57.61,34.24,-116.84,0,5.29,661
-13143493.6437,4192456.7253,662,1992,7,11,18,14,16.16,35.21,-118.07,10.7,5.67,662
-13008797.0271,4055689.5184,663,1992,8,17,20,41,52.12,34.2,-116.86,11.3,5.23,663
-12953137.2707,4036862.0682,664,1992,9,15,8,47,11.29,34.06,-116.36,8.3,5.19,664
-13013249.8087,4074548.2624,665,1992,11,27,16,0,57.49,34.34,-116.9,1.4,5.29,665
-13013249.809,4078593.5137,666,1992,12,4,2,8,57.5,34.37,-116.9,3,5.2,666
-13116776.9831,4464226.9738,667,1993,5,17,23,20,50.1,37.18,-117.83,9.1,6.11,667
-13112324.2021,4457243.3553,668,1993,5,19,14,13,23.41,37.13,-117.79,8.1,5.01,668
-13258152.7376,4184284.9379,669,1993,5,28,4,47,40.6,35.15,-119.1,21.4,5.19,669
-12948684.4899,4032831.6644,670,1993,8,21,1,46,38.4,34.03,-116.32,9.1,5,670
-13584318.9975,5209035.8687,671,1993,9,21,3,28,55.63,42.32,-122.03,10.3,5.96,671
-13587658.5835,5215059.9688,672,1993,9,21,5,45,35.23,42.36,-122.06,10.3,5.94,672
-13582092.6068,5204520.3062,673,1993,12,4,22,15,19.72,42.29,-122.01,6.5,5.41,673
-13195813.8034,4057035.5183,674,1994,1,17,12,30,55.39,34.21,-118.54,18.4,6.65,674
-13190247.8285,4065114.9531,675,1994,1,17,12,31,58.12,34.27,-118.49,6,5.89,675
-13203606.1702,4074548.2491,676,1994,1,17,12,40,36.12,34.34,-118.61,6,5.2,676
-13213624.926,4073200.1529,677,1994,1,17,23,33,30.69,34.33,-118.7,9.8,5.83,677
-13213624.9265,4079942.2386,678,1994,1,18,0,43,8.89,34.38,-118.7,11.3,5.24,678
-13214738.1216,4079942.2386,679,1994,1,19,21,9,28.61,34.38,-118.71,14.4,5.26,679
-13204719.3657,4079942.2392,680,1994,1,19,21,11,44.9,34.38,-118.62,11.3,5.07,680
-13200266.5847,4070504.4449,681,1994,1,29,11,20,35.97,34.31,-118.58,1.1,5.06,681
-13188021.438,4059728.0239,682,1994,3,20,21,20,12.26,34.23,-118.47,13.1,5.29,682
-13990635.1644,4924241.2923,683,1994,9,1,15,15,53.08,40.4,-125.68,10,7,683
-13318265.3161,4694492.8712,684,1994,9,12,12,23,41.96,38.81,-119.64,1.7,5.89,684
-12796176.7443,3772503.3487,685,1994,10,3,14,0,48.63,32.07,-114.95,10,5.22,685
-13838127.4466,4974067.7624,686,1994,12,26,14,10,29.17,40.74,-124.31,23.5,5.48,686
-13975050.4362,4947657.5066,687,1995,2,19,4,3,16.19,40.56,-125.54,10,6.6,687
-13210285.3413,4081291.1389,688,1995,6,26,8,40,28.94,34.39,-118.67,13.3,5.02,688
-13097852.6507,4270392.4734,689,1995,8,17,22,39,58.99,35.78,-117.66,5.6,5.4,689
-13095626.2602,4267648.4847,690,1995,9,20,23,27,36.27,35.76,-117.64,5.4,5.54,690
-13096739.4553,4267648.4847,691,1996,1,7,14,32,53.02,35.76,-117.65,4,5.17,691
-14016238.6741,5128081.9963,692,1996,7,24,20,15,44.79,41.78,-125.91,10,5.68,692
-13096739.4587,4311635.5364,693,1996,11,27,20,17,24.11,36.08,-117.65,1.2,5.09,693
-13845919.8045,4905256.5854,694,1997,1,22,7,17,16.81,40.27,-124.38,23.7,5.68,694
-13004344.254,4159805.6887,695,1997,3,18,15,24,47.72,34.97,-116.82,1.7,5.26,695
-13210285.3411,4078593.4999,696,1997,4,26,10,37,30.67,34.37,-118.67,16.4,5.07,696
-13955012.9333,5019720.1741,697,1997,10,4,10,57,34.01,41.05,-125.36,7.3,5.57,697
-13932749.0313,5012342.3875,698,1997,10,26,10,44,8.3,41,-125.16,5.7,5.35,698
-13160191.6002,4558258.1945,699,1997,11,2,8,51,53.93,37.85,-118.22,6.4,5.34,699
-13095626.2636,4310258.2406,700,1998,3,6,5,47,40.34,36.07,-117.64,1.8,5.2,700
-13093399.8735,4311635.5367,701,1998,3,7,0,36,46.84,36.08,-117.62,1.7,5.04,701
-13224756.9124,4521668.0998,702,1998,6,9,5,24,40.16,37.59,-118.8,7,5.13,702
-13225870.1072,4517454.4085,703,1998,7,15,4,53,19.25,37.56,-118.81,6.2,5.07,703
-13520866.795,4404317.7409,704,1998,8,12,14,10,25.12,36.75,-121.46,9.1,5.17,704
-13626620.3811,4956453.0475,705,1998,11,26,19,49,53.75,40.62,-122.41,23.4,5.37,705
-13947220.5615,4963788.633,706,1998,11,27,0,43,49.06,40.67,-125.29,4.9,5.52,706
-13226983.3019,4513242.4135,707,1999,5,15,13,22,10.66,37.53,-118.82,5.6,5.53,707
-13033287.3531,4493608.8088,708,1999,8,1,16,6,22.05,37.39,-117.08,7.5,5.67,708
-12943118.5195,4108303.106,709,1999,10,16,9,46,44.13,34.59,-116.27,0,7.12,709
-12945344.9106,4120479.6831,710,1999,10,16,9,59,35.2,34.68,-116.29,10.8,5.77,710
-13028834.5392,4061074.5273,711,1999,10,16,9,59,38,34.24,-117.04,6,5.6,711
-12940892.128,4088038.0768,712,1999,10,16,12,57,21.06,34.44,-116.25,2,5.37,712
-13941654.5816,4922779.6348,713,2000,3,16,15,19,56.38,40.39,-125.24,5.5,5.86,713
-13626620.348,4633247.7281,714,2000,9,3,8,36,30.11,38.38,-122.41,9.9,5.17,714
-13946107.3675,4974067.7502,715,2001,1,13,13,8,42.32,40.74,-125.28,5.6,5.54,715
-13018815.7838,4067809.3905,716,2001,2,10,21,5,5.78,34.29,-116.95,9.1,5.13,716
-13121229.7502,4303374.3839,717,2001,7,17,12,7,26.1,36.02,-117.87,3,5.17,717
-13430698.0345,4839820.2965,718,2001,8,10,20,19,26.6,39.82,-120.65,17.8,5.18,718
-13944994.1677,4930090.122,719,2001,9,20,8,2,23,40.44,-125.27,2.4,5.1,719
-12969835.1923,3963195.8892,720,2001,10,31,7,56,16.63,33.51,-116.51,15.2,5.09,720
-12801742.7194,3763311.2475,721,2001,12,8,23,36,10.11,32,-115,7,5.74,721
-12837364.9652,3805389.9132,722,2002,2,22,19,32,41.75,32.32,-115.32,7,5.48,722
-13870410.1048,4985828.5759,723,2002,6,17,16,55,7.52,40.82,-124.6,22.3,5.27,723
-13007683.833,4070504.4583,724,2003,2,22,12,19,10.58,34.31,-116.85,1.2,5.19,724
-13962805.2976,5009392.8356,725,2003,8,15,9,22,14.93,40.98,-125.43,8.6,5.24,725
-13480791.7604,4259420.6235,726,2003,12,22,19,15,56.26,35.7,-121.1,8.1,6.55,726
-13126795.6917,3806707.2424,727,2004,6,15,22,28,48.16,32.33,-117.92,10,5.04,727
-13211398.5766,4580839.3064,728,2004,9,18,23,2,17.75,38.01,-118.68,5.5,5.4,728
-13209172.1866,4582252.2606,729,2004,9,18,23,43,41.79,38.02,-118.66,10.2,5.37,729
-13399528.5207,4275882.4991,730,2004,9,28,17,15,24.25,35.82,-120.37,8.6,5.97,730
-13414000.0583,4293744.2969,731,2004,9,29,17,10,4.03,35.95,-120.5,11.4,5.07,731
-13204719.3757,4217008.3752,732,2004,9,29,22,54,54.24,35.39,-118.62,3.5,5.02,732
-13267058.2972,4167959.4317,733,2005,4,16,19,18,13.55,35.03,-119.18,10.3,5.15,733
-12976514.3631,3965866.4041,734,2005,6,12,15,41,46.54,33.53,-116.57,14.2,5.21,734
-14020691.4458,5055211.879,735,2005,6,15,2,50,54.19,41.29,-125.95,16,7.22,735
-13575413.3681,4565309.4788,736,2005,6,20,18,14,57.64,37.9,-121.95,0.6,5.24,736
-13495263.3034,4347506.9358,737,2005,7,4,7,11,28.11,36.34,-121.23,5.2,5.69,737
-12872987.2153,3916561.2388,738,2005,9,2,1,27,19.81,33.16,-115.64,9.8,5.15,738
-14015125.4828,5157984.7451,739,2006,3,25,20,14,6.77,41.98,-125.9,10,5,739
-12827346.2092,3804072.7132,740,2006,5,24,4,20,26.01,32.31,-115.23,6,5.37,740
-13851485.7799,4906715.6508,741,2006,7,19,11,41,43.45,40.28,-124.43,20.7,5,741
-13900021.0905,4959826.7203,742,2007,2,26,12,19,54.48,40.643,-124.866,0,5.4,742
-13916719.012,4920587.5499,743,2007,5,9,7,50,3.83,40.375,-125.016,0.2,5.4,743
-13895345.6791,5029467.4534,744,2007,6,25,2,32,24.62,41.116,-124.824,3.4,5,744
-13555821.1288,4499775.37,745,2007,10,31,3,4,54.81,37.434,-121.774,10,5.6,745
-12836808.3687,3823318.3126,746,2008,2,9,7,12,5.8,32.456,-115.315,2.9,5.1,746
-12837031.0076,3821075.7852,747,2008,2,11,18,29,31.8,32.439,-115.317,2.7,5.1,747
-12838923.4395,3824901.5278,748,2008,2,12,4,32,37.9,32.468,-115.334,13,5,748
-12837031.0077,3824901.5279,749,2008,2,19,22,41,30.7,32.468,-115.317,10.7,5.1,749
-13351583.2552,4796881.3212,750,2008,4,26,6,40,10.453,39.5231,-119.9393,2.8,5.1,750
-13350547.9838,4796433.9568,751,2008,4,26,6,40,10.61,39.52,-119.93,1.4,5,751
-13747624.6891,4988182.4546,752,2008,4,30,3,3,6.9,40.836,-123.497,29.1,5.4,752
-13109095.9032,4022493.4659,753,2008,7,29,18,42,15.71,33.953,-117.761,14.7,5.5,753
-13873527.0431,4915036.4487,754,2008,10,26,9,27,22.34,40.337,-124.628,21.6,5,754
-12959705.1287,4138498.217,755,2008,12,6,4,18,42.85,34.813,-116.419,7.3,5.1,755
-12882783.3335,3937590.2601,756,2009,3,24,11,55,43.02,33.318,-115.728,5.8,5,756
-13874528.9182,4911094.1415,757,2009,8,7,10,49,34.72,40.31,-124.637,16.9,5,757
-12831465.0316,3813427.9899,758,2009,9,19,22,55,18.5,32.381,-115.267,3,5.2,758
-13119893.9202,4354142.4555,759,2009,10,1,10,1,24.67,36.388,-117.858,5.6,5.1,759
-13120227.8787,4354557.3095,760,2009,10,3,1,16,0.31,36.391,-117.861,0,5.2,760
-13054994.6369,4238604.4755,761,2009,11,16,21,21,30.63,35.548,-117.275,2.2,5.1,761
-12820110.4419,3820811.9872,762,2009,12,30,18,48,57.7,32.437,-115.165,9,5.9,762
-13880651.4965,4961147.1837,763,2010,1,10,0,27,39.32,40.652,-124.692,29.3,6.5,763
-13910596.4398,4925995.5835,764,2010,2,4,20,20,21.97,40.412,-124.961,23.6,5.9,764
-12891688.8891,3850658.4359,765,2010,4,5,11,14,14.88,32.663,-115.808,13.6,5.1,765
-12890909.6524,3847617.5254,766,2010,4,5,13,33,5.4,32.64,-115.801,0,5,766
-12891466.2501,3852245.3086,767,2010,5,8,18,33,11.02,32.675,-115.806,6,5,767
-12887792.7058,3844445.2349,768,2010,5,22,17,30,58.8,32.616,-115.773,3.5,5.1,768
-12904267.994,3855551.9774,769,2010,6,15,4,26,58.48,32.7,-115.921,5.4,5.8,769
-12967497.4819,3951186.199,770,2010,7,7,23,53,33.53,33.42,-116.489,14,5.5,770
-13780241.3099,5033457.8114,771,2012,2,13,21,7,2.77,41.143,-123.79,28.2,5.6,771
-13973714.5993,4922048.881,772,2012,7,21,1,52,1.69,40.385,-125.528,25,5.1,772
-13951784.6571,4925995.579,773,2012,7,21,6,4,21.25,40.412,-125.331,6.1,5.2,773
-12862523.1802,3897826.8083,774,2012,8,26,19,31,22.9,33.019,-115.546,12.3,5.4,774
-12862857.1387,3898490.6366,775,2012,8,26,20,57,58.2,33.024,-115.549,9,5.5,775
-13453629.8072,4343499.9798,776,2012,10,21,6,55,9.5,36.311,-120.856,9.4,5.4,776
-13141601.2443,4583382.7687,777,2013,2,13,0,10,14.27,38.028,-118.053,12.4,5.2,777
-13476283.3788,4893854.1604,778,2013,5,24,3,47,8.1,40.1918,-121.0595,9.7,5.7,778
-13929832.4573,4987108.4126,779,2014,3,10,5,18,13.4,40.8287,-125.1338,16.6,6.8,779
-13126480.3035,4019742.6676,780,2014,3,29,4,9,42.31,33.9325,-117.917167,4.77,5.1,780
-13615748.1368,4609867.1007,781,2014,8,24,10,20,44.07,38.215167,-122.312333,11.12,6.02,781
-14001173.4152,4930382.6483,782,2015,1,1,12,16,14.57,40.442,-125.774667,23.9,5.36,782
-13871152.2303,4912237.7304,783,2015,1,28,21,8,53.71,40.317833,-124.606667,17.17,5.73,783
